,Model,P1,P2,P3,P4
,bert-base-uncased,0.801887115,0.753375855,0.8164361,0.6506192
 ,roberta-base,0.985256777,0.977341649,0.982266574,0.906409872
 ,distilbert-base-uncased,0.858598977,0.739476981,0.89608942,0.782104045
 ,xlnet-base-cased,0.968901903,0.949212098,0.976626217,0.974444807
 ,albert-base-v2,0.909204143,0.862661476,0.9390076,0.802761363
